43841.90A7.1_contig.fasta,43841.BAA613.1_contig.fasta,43841.C14940.1_contig.fasta,43841.CM201.1_contig.fasta,43841.LM19B.1_contig.fasta,43841.LM19R.1_contig.fasta,43841.LM41A.1_contig.fasta,43841.LM42D.1_contig.fasta,43841.LT0011.1_contig.fasta,43841.YL32.1_contig.fasta,GCA_004555815.1_ASM455581v1_genomic.fna,GCA_004558155.1_ASM455815v1_genomic.fna,GCA_902652185.1_CbolteaeLFYP116_genomic.fna,GCA_902652275.1_CsymbiosumLFYP84_genomic.fna,GCF_000154365.1_ASM15436v1_genomic.fna,GCF_000189595.1_Clos_symb_WAL_14163_V1_genomic.fna,GCF_000189615.1_Clos_symb_WAL_14673_V2_genomic.fna,GCF_000234155.1_Clos_clos_2_1_49FAA_V1_genomic.fna,GCF_000371405.1_Clos_clos_CM201_V1_genomic.fna,GCF_000371485.1_Clos_clos_90B1_V1_genomic.fna,GCF_000371505.1_Clos_clos_90A8_V1_genomic.fna,GCF_000371525.1_Clos_clos_90A7_V1_genomic.fna,GCF_000371545.1_Clos_clos_90A6_V1_genomic.fna,GCF_000371565.1_Clos_clos_90A4_V1_genomic.fna,GCF_000371585.1_Clos_clos_90A3_V1_genomic.fna,GCF_000371605.1_Clos_clos_90A1_V1_genomic.fna,GCF_000371645.1_Clos_bolt_90B8_V1_genomic.fna,GCF_000371665.1_Clos_bolt_90B7_V1_genomic.fna,GCF_000371685.1_Clos_bolt_90B3_V1_genomic.fna,GCF_000371705.1_Clos_bolt_90A9_V1_genomic.fna,GCF_000371725.1_Clos_bolt_90A5_V1_genomic.fna,GCF_000424325.1_ASM42432v1_genomic.fna,GCF_000466485.1_ASM46648v1_genomic.fna,GCF_001078425.1_Clos_bolt_WAL_14578_V1_genomic.fna,GCF_001078445.1_Clos_clos_WAL_7855_v11_genomic.fna,GCF_001405335.1_13470_2_84_genomic.fna,GCF_001406475.1_13470_2_83_genomic.fna,GCF_001688665.1_ASM168866v1_genomic.fna,GCF_001688665.2_ASM168866v2_genomic.fna,GCF_002221545.1_ASM222154v1_genomic.fna,GCF_002234575.1_ASM223457v1_genomic.fna,GCF_002234575.2_ASM223457v2_genomic.fna,GCF_002959675.1_ASM295967v1_genomic.fna,GCF_003433765.1_ASM343376v1_genomic.fna,GCF_003437595.1_ASM343759v1_genomic.fna,GCF_003439835.1_ASM343983v1_genomic.fna,GCF_003458165.1_ASM345816v1_genomic.fna,GCF_003458625.1_ASM345862v1_genomic.fna,GCF_003463485.1_ASM346348v1_genomic.fna,GCF_003464745.1_ASM346474v1_genomic.fna,GCF_003467855.1_ASM346785v1_genomic.fna,GCF_003468225.1_ASM346822v1_genomic.fna,GCF_005844705.1_ASM584470v1_genomic.fna,GCF_005845085.1_ASM584508v1_genomic.fna,GCF_006538465.1_ASM653846v1_genomic.fna,GCF_008632235.1_ASM863223v1_genomic.fna,GCF_900049235.1_C.symbiosum_MappedAssembly_genomic.fna,GCF_900100685.1_IMG-taxon_2654588145_annotated_assembly_genomic.fna,GCF_900108895.1_IMG-taxon_2654588144_annotated_assembly_genomic.fna,GCF_900113155.1_IMG-taxon_2593339147_annotated_assembly_genomic.fna,GCF_900447015.1_57530_A01_genomic.fna,GCF_900461275.1_51765_A02_genomic.fna,GCF_902167935.1_Clostridium_symbiosum_TS_8243C_mod2_genomic.fna,GCF_902374315.1_MGYG-HGUT-01367_genomic.fna,GCF_902374585.1_MGYG-HGUT-01386_genomic.fna,GCF_902375545.1_MGYG-HGUT-01493_genomic.fna
1.0,0.45014121225287856,0.0034974497762048505,0.09783752839282746,0.013729708585957364,0.013909597426037824,0.07316909174040505,0.07294798343638323,0.004394237328945784,0.07668029337501503,0.004406552351757831,0.10753226650884341,0.6156574923547401,0.00700322641867527,0.4470669959864156,0.003737923631344886,0.00406555981268625,0.09763611920233027,0.09783752839282746,0.10666419501343961,0.09155247181266261,1.0,0.09888957645764576,0.10117076108326396,0.10701606086221471,0.10165311410955231,0.43134175167952227,0.4667259334518669,0.641420210690597,0.6471754998413202,0.46526052627414993,0.1097835426981464,0.0034877203180468767,0.4470905587668593,0.1074067806171377,0.09412410763316859,0.0028156299703391654,0.07665730294882002,0.07665269703934027,0.07668029337501503,0.4439387159983337,0.4471023427866831,0.4469891959373025,0.8800624557336939,0.45551589929103214,0.4277092707197592,0.4463471625353355,0.4471408126438927,0.004334168356594696,0.44230799220272904,0.4110528498637279,0.003496061665473232,0.09612722303077632,0.0036224163647986364,0.10045504952009483,0.004394237328945784,0.003901798304069846,0.09671928195605076,0.09668684602440863,0.09489934635654296,0.09552321809250162,0.0035576211236324753,0.004523759320669363,0.00406555981268625,0.09763611920233027,0.4470905587668593
0.4767132292522597,1.0,0.001498907046944936,0.1112998836586582,0.001779777038920399,0.0017852938868398336,0.06851617761760039,0.06948777582392648,0.001384485733777439,0.07804797402909704,0.0072803908420346775,0.11759349889599599,0.4580275229357798,0.00943252989182008,0.9922506946588453,0.002376936052752645,0.005172413793103448,0.11287250728209725,0.1112998836586582,0.11793493372879785,0.0994275802254987,0.4767132292522597,0.10978754125412542,0.11487982429727767,0.11952662721893491,0.12091859529979448,0.7121485444140333,0.9661703073406147,0.45624658603199375,0.4582830847350048,0.9630690359024668,0.10923114693727239,0.0014947372791629472,0.9929865125240848,0.1196667982926233,0.10739520410031118,0.0022353092894295662,0.0780243056077153,0.07801961756267556,0.07804797402909704,0.9891688395846512,0.993249075215783,0.9927716042723055,0.4752430622625716,0.7284443080699601,0.698275464918073,0.750110295919868,0.7436220521436128,0.010795657879040917,0.7345808966861599,0.6846930915985306,0.0018533338949496651,0.100049696496397,0.005774557852120179,0.10462315016634163,0.001384485733777439,0.002259952483050356,0.10664268028474157,0.10657021836257084,0.10674314233039721,0.10794327555843915,0.0016040141482273587,0.02146868830148172,0.005172413793103448,0.11287250728209725,0.9929865125240848
0.00276088742810189,0.001117283759039136,1.0,0.0015142841314103156,0.6810287502444748,0.6838852703445029,0.0050294505258061915,0.0048357819501957,0.7127493077571331,0.0016081519778766381,0.004151100041511001,0.00025039266121872934,0.0017584097859327217,0.7183526285822737,0.0010960172892868169,0.6717144609722435,0.7306939123031077,0.0015311076256628575,0.0015142841314103156,0.0016869033274631569,0.0012142237640936687,0.00276088742810189,0.001632975797579758,0.0016295010538620947,0.0017094017094017094,0.0016441783576087929,0.01494463796964419,0.001111252222504445,0.0018728053062817011,0.001904157410345922,0.001060143356698682,0.001207087033020991,0.9972181278415578,0.0011098265895953757,0.0017299411443936743,0.005637927878455061,0.7261531186863259,0.0016073547747450015,0.0016072581977678638,0.0016081519778766381,0.0010954592442874115,0.0011097410604192356,0.0011096897492409413,0.002446719464297212,0.0009528269892282101,0.004699089359480336,0.001192829948201768,0.0013689253935660506,0.6855739790846554,0.00101364522417154,0.001925583599952601,0.7384482540752285,0.007560966951829896,0.7224589814617516,0.0015295782188061641,0.7127493077571331,0.6761507407622028,0.0010832559579077685,0.0010831092973328433,0.002495390975623382,0.0011678561497821855,0.9856255655178087,0.6714907320439342,0.7306939123031077,0.0015311076256628575,0.0011098265895953757
0.08706655710764175,0.09352596132956767,0.0017070885812428438,1.0,0.002170936827694113,0.0021972847838028723,0.3584492079287808,0.36127970956945943,0.00220715116979012,0.4210352290489359,0.008653447009611393,0.8262502560834035,0.09116207951070336,0.011178591763142912,0.09286816918802099,0.003642079435669376,0.004342273307790549,0.8467025169915602,1.0,0.9260543145796645,0.7551257588898526,0.08706655710764175,0.8634316556655666,0.8881489222267486,0.936770921386306,0.8954338307568582,0.08792610102015427,0.09610744221488443,0.090269215762778,0.08573468740082514,0.09495403408281776,0.21551618314988338,0.0017023396790466897,0.09290173410404624,0.9388127338711194,0.552791506498261,0.005072432618320939,0.42087157686010007,0.4208462890360957,0.4210352290489359,0.09237344359927792,0.09289457459926018,0.09287486706841545,0.09530938123752496,0.09460441530337042,0.08648781461631781,0.09789375643392866,0.09809594922531267,0.015547337866316752,0.09325536062378167,0.08968775921317691,0.004043637588981088,0.5322317276631997,0.004623907948007671,0.8692019425643379,0.00220715116979012,0.0034575341407351605,0.791511915815537,0.7914434365510705,0.8164770293673997,0.5415886551116879,0.0018507855556469525,0.0029327761697559855,0.004342273307790549,0.8467025169915602,0.09290173410404624
0.011536565324568612,0.0014121225287855746,0.7249089205787447,0.0020498236412993297,1.0,0.9677077611237542,0.02284769102498588,0.0216688411140734,0.7380914161884505,0.009573764578574005,0.003097359261742823,0.0007284150144544854,0.007782874617737003,0.6970962231922566,0.001389317690645261,0.6780593467259622,0.7445508727117922,0.002147285084771081,0.0020498236412993297,0.0021874131059412363,0.0018733738074588032,0.011536565324568612,0.0020798954895489548,0.0020545882853043804,0.0022917253686484456,0.0021445804664462515,0.0020994028365264993,0.001047752095504191,0.0006086617245415529,0.0006188511583624246,0.0014240731657146474,0.006915176562052457,0.7238888081546223,0.0014026974951830444,0.0022940523871307424,0.013142961742632254,0.7413919098998409,0.009569018612266972,0.009568443663347002,0.009573764578574005,0.0013577523027787635,0.0014025893958076448,0.001402524544179523,0.011670207971154466,0.0009366773792412913,0.0019195626468465426,0.0009313877677739833,0.0009955821044116732,0.6997296115153684,0.0012319688109161794,0.0016293399691906625,0.7601196242786741,0.020286819779205566,0.7380779884935009,0.002103170050858476,0.7380914161884505,0.6846110756987502,0.0017022593624264934,0.0017020288958087537,0.003203039162740461,0.003781629437389934,0.7221970880973925,0.6804040713833887,0.7445508727117922,0.002147285084771081,0.0014026974951830444
0.011651602300739524,0.0014121225287855746,0.7257000104090767,0.002068290520950675,0.964717387052611,1.0,0.022874586482343133,0.021612116399115096,0.738111481199085,0.009543705663099675,0.003129290800523677,0.0007284150144544854,0.007737003058103976,0.6971911178591763,0.001389317690645261,0.6796120226959055,0.7463814389101745,0.002147285084771081,0.002068290520950675,0.0022059505051441283,0.0018733738074588032,0.011651602300739524,0.002097084708470847,0.002072300253281142,0.0023105100028176953,0.0021624519703333034,0.0021460562328937545,0.001047752095504191,0.0006086617245415529,0.0006188511583624246,0.0014240731657146474,0.006997012971070829,0.7247192177541573,0.0014026974951830444,0.0023128560952219777,0.013307706388431265,0.7431113785840175,0.009538974597785755,0.00953840145404293,0.009543705663099675,0.0013577523027787635,0.0014025893958076448,0.001402524544179523,0.011750692164058978,0.0009366773792412913,0.0019656321503708596,0.0009313877677739833,0.0009955821044116732,0.6996898485029226,0.0012475633528265108,0.001673776513804953,0.7594246240680679,0.020499804763764156,0.7398252716812274,0.0021222897785935528,0.738111481199085,0.6859052365223773,0.0017022593624264934,0.0017020288958087537,0.0032589061248812826,0.003818704235795718,0.7229785308875545,0.6815541796852537,0.7463814389101745,0.002147285084771081,0.0014026974951830444
0.08941659819227608,0.07906334378200552,0.007785989382741751,0.4922346771066093,0.03322902405632701,0.03337126265400612,1.0,0.9527766747972092,0.0016453308720253623,0.5644914031501743,0.009004693936200785,0.5733081423140834,0.07685015290519878,0.008255836022015562,0.07829577029947514,0.0038529366661554975,0.0022988505747126436,0.4973859138098439,0.4922346771066093,0.4962647140606173,0.4789418907198612,0.08941659819227608,0.46758113311331134,0.4790378858995023,0.49961491499953037,0.47929586274685015,0.08354068176163225,0.08115316230632462,0.07697229808817792,0.07719771501110759,0.08375132517919587,0.22447726993739514,0.007805850235628724,0.07853564547206165,0.5061770181079709,0.6417536152297273,0.0027726432532347504,0.5643467680151422,0.5643128595676926,0.5644914031501743,0.07827133445450758,0.07852959309494452,0.07851054975879661,0.08644002317944756,0.07872934868622923,0.0826640458237995,0.08032810993643687,0.08162217659137577,0.004354049862817607,0.0778167641325536,0.08028202393648537,0.0020428794069331535,0.6249156934436122,0.0025783081184743233,0.4994837673511529,0.0016453308720253623,0.00395974580363524,0.5182799442896936,0.5182097750614084,0.49494403992625563,0.6292149411437575,0.007793863617668833,0.0037570204527593016,0.0022988505747126436,0.4973859138098439,0.07853564547206165
0.08453574363188168,0.07603736693460786,0.007098990319558655,0.4704622259976732,0.029884607862311754,0.02989876795103194,0.9034990990021785,1.0,0.001545005818853084,0.5349585186966455,0.008685378548392247,0.5501582026359518,0.07380733944954128,0.00789523628772063,0.07533189255943193,0.0037954301487501917,0.002213707960834398,0.473765777877362,0.4704622259976732,0.4730373528593938,0.4557675628794449,0.08453574363188168,0.4460946094609461,0.457039621672364,0.47605898375129146,0.45833258868733806,0.07983951231649664,0.07804165608331216,0.07396020288724152,0.07415106315455411,0.08009620405386161,0.21637546544457628,0.0071207623160123735,0.07552986512524085,0.4826347755777439,0.6107633168588688,0.0026436831019215064,0.5348285237873485,0.5347963889264417,0.5349585186966455,0.0752935367904587,0.07552404438964241,0.07550514002126905,0.08169145579808125,0.07530563136900244,0.07916276355595141,0.07671693981927809,0.07826208698898637,0.004334168356594696,0.0744327485380117,0.07686041000118497,0.002021818794490544,0.5936246494622129,0.002450458129128489,0.47873886275859434,0.001545005818853084,0.003901798304069846,0.49452568864128754,0.4944780767073477,0.4732676586156167,0.5951617388080452,0.007115242247264951,0.0036420096225727922,0.002213707960834398,0.473765777877362,0.07552986512524085
0.003599013968775678,0.001070730269079172,0.739502446133028,0.0020313567616479845,0.7194406415020536,0.7216903397943969,0.0011027137516473468,0.0010919507629474161,1.0,0.002209330287363232,0.003193153878085385,0.00043249641483235075,0.003180428134556575,0.7590244828240653,0.0010497066995986415,0.7032855390277565,0.7646871008939975,0.0011763387855702441,0.0020313567616479845,0.001909352117897859,0.0027753686036426713,0.003599013968775678,0.0018048679867986798,0.0011158539825359996,0.001183431952662722,0.0011616477526583862,0.0009486190594675293,0.001873253746507493,0.0006242684354272337,0.0006188511583624246,0.0017405338692067912,0.0010434142149842464,0.7383794556665075,0.0010635838150289017,0.0012222410259303134,0.0009884678747940692,0.7625628680737652,0.002208235064369301,0.0022081023838493082,0.002209330287363232,0.0010183142270840727,0.001063501849568434,0.0010634526763559022,0.0028652372674006824,0.0008559293293066972,0.0008292510634377064,0.0015032925374597625,0.002302283616451994,0.7299495009741938,0.0008265107212475633,0.00168858869534305,0.7864664504443789,0.005608604593376167,0.7546984871084594,0.007686130549500975,1.0,0.7009909022425682,0.0008124419684308263,0.0008123319729996325,0.001806365109219911,0.0007229585689127816,0.7359545940610348,0.697425674250992,0.7646871008939975,0.0011763387855702441,0.0010635838150289017
0.0838455217748562,0.08058409112069768,0.002227542416987613,0.5173311665527875,0.012458439272442792,0.012457819979596642,0.5050832414405207,0.5047648760564978,0.0029495565632649784,1.0,0.007695500846185778,0.59852951218957,0.08059633027522936,0.00322641867527045,0.08000926211793763,0.001821039717834688,0.0021711366538952745,0.5215101949361416,0.5173311665527875,0.5217165631661878,0.488846487424111,0.0838455217748562,0.4859048404840484,0.49889300200145237,0.5264957264957265,0.4999017067286212,0.08226548892759393,0.08156591313182626,0.08028092079594225,0.08122818152967312,0.0818367379230684,0.2528949629690249,0.0022213456787560466,0.08004624277456647,0.5289107011902747,0.615595826468973,0.003524910802562008,0.9991137015728041,0.9990837126162257,1.0,0.07982966380201503,0.08004007398273737,0.0800363731640029,0.08336552701049514,0.08158782965391385,0.07994594511586481,0.08384123923593523,0.08145106091718002,0.0027436478587617797,0.08062378167641325,0.07706778054271833,0.0016848489954087865,0.5964999467537538,0.002493074792243767,0.5285839929639402,0.0029495565632649784,0.0016997933205848835,0.5429433611884865,0.5428891940506354,0.5210525335667331,0.6149782185559366,0.001974171259356749,0.0013226245471448562,0.0021711366538952745,0.5215101949361416,0.08004624277456647
0.002267871815940838,0.003538065236957264,0.0027063599458728013,0.005004524385514579,0.0018971249755525132,0.001922624185827513,0.003792259487372583,0.003857280617164899,0.0020065010634455634,0.003622099314656727,1.0,0.004256675240718399,0.0018501529051987767,0.003207439741886506,0.003504167953071936,0.002472780248428155,0.0034057045551298426,0.004854731496004182,0.005004524385514579,0.004930948187969228,0.004648742411101474,0.002267871815940838,0.0046582783278327836,0.004799943321702475,0.004921574152343383,0.0048253060495040655,0.0021149539686489177,0.0035718821437642875,0.0021225126804525945,0.0021421770866391623,0.0033861295273659394,0.0034371291787716357,0.0026988311984886544,0.003514450867052023,0.005039393768451138,0.005820977484898408,0.002557709667712677,0.0036503477594676203,0.0036501284304447748,0.003622099314656727,0.003502383781031583,0.0035141800246609126,0.003514017539262981,0.0018833301139656172,0.002438591108024741,0.002226692670341989,0.002532721122894165,0.002442287349884886,0.0027834108712076026,0.0021988304093567253,0.002547695224552672,0.0024430310433427404,0.004295197188598204,0.0031962497336458554,0.005009368666590188,0.0020065010634455634,0.002549689980877325,0.004719900959455277,0.004854650600545423,0.004860425706251513,0.006080266938548522,0.0028584354692769596,0.0022618796603346815,0.0034057045551298426,0.004854731496004182,0.003514450867052023
0.07763352506162695,0.080165109711058,0.00022899968772769854,0.6703107975845322,0.0006258556620379425,0.0006277956525151063,0.338694494499879,0.3427449089568325,0.0003812352020546571,0.3951845617410124,0.00597119775201967,1.0,0.07437308868501528,0.0006073258682862023,0.07960790367397345,0.0004792209783775495,0.0005321413367390379,0.68662708193293,0.6703107975845322,0.6723514690888869,0.6389245446660885,0.07763352506162695,0.6252234598459846,0.6416160399581997,0.6794402179017563,0.6493074792243767,0.08071037571535208,0.07916878333756668,0.07517752633632462,0.07627737226277373,0.07883036123989304,0.18370227914399115,0.00022836263987211693,0.07963005780346821,0.6812583441454655,0.5030386234669596,0.00042986717104414733,0.39500368039177397,0.39497994682528953,0.3951845617410124,0.07942850971255766,0.07962392108508015,0.0796048271504092,0.08013006245573369,0.07625845835823065,0.07762711343847417,0.07911893985195836,0.0771731690622861,0.0007753787426935465,0.0759766081871345,0.07680116127503259,0.0005265153110652458,0.48553476979872917,0.0004900916258256978,0.6728423387250966,0.0003812352020546571,0.000560159162465473,0.7476400495202724,0.7475968512465427,0.68803888340565,0.5033089257577162,0.00022620712346796084,0.002338553547125688,0.0005321413367390379,0.68662708193293,0.07963005780346821
0.6616926869350863,0.4648365972502405,0.0023940876444259393,0.11009953648132074,0.009955016624291022,0.009927018755395119,0.06758828433877519,0.06845254977593737,0.004173522211966772,0.07922027173259588,0.003863716192483316,0.11071908219708179,1.0,0.013740747769975328,0.4649274467428219,0.00164852016561877,0.011919965942954448,0.1011091194263948,0.11009953648132074,0.09882287515061637,0.09045967042497832,0.6616926869350863,0.0999037403740374,0.10804300465824758,0.0989386681694374,0.10730050933786078,0.4500186613585469,0.47874333248666495,0.8863675380413578,0.90176134560457,0.48007088719758223,0.10841278284708868,0.002408187838651415,0.46527938342967246,0.10990767379327203,0.10195863078894381,0.0012681081545802347,0.07919602217248269,0.07919126372553438,0.07922027173259588,0.4637341274127104,0.46522811344019727,0.4651141285082379,0.6653467259030327,0.48737907979522294,0.44940800687971255,0.4773117207797513,0.4476074917553357,0.015070181716966877,0.4687719298245614,0.42930145751866333,0.0019375763447201046,0.1062617585460225,0.005284466226294481,0.11099001950212228,0.004173522211966772,0.001583898321454096,0.09780253791395853,0.09775061408428912,0.10810257174249055,0.09769209379923997,0.0024471497902443036,0.008204105886637659,0.011919965942954448,0.1011091194263948,0.46527938342967246
0.006064092029580937,0.0077123615033673695,0.7879671073175809,0.01087699211464239,0.7183649520829258,0.7206897904732009,0.005849761975202389,0.005899370355663963,0.8024599703037842,0.0025550078153180234,0.005396430053964301,0.0007284150144544854,0.01107033639143731,1.0,0.007656684161778326,0.7037647600061341,0.7654959557258408,0.006441855254313242,0.01087699211464239,0.0056909815552877935,0.010303555941023418,0.006064092029580937,0.005277090209020902,0.008271489045147806,0.005128205128205128,0.008882137431864891,0.008382060213983578,0.010652146304292608,0.0035271166601638705,0.004379562043795621,0.010680548742859855,0.003518965587790008,0.7874774232390126,0.007660886319845858,0.004926571519903725,0.007047409848068826,0.7588015303271289,0.0025537412309032735,0.002553587790846139,0.0025550078153180234,0.007621927699689877,0.007660295930949445,0.0076599417412881645,0.004829051574270813,0.013517223559051049,0.011317741365807215,0.007140639552933871,0.006580175471345902,0.7369279096584357,0.005629629629629629,0.013953075008887308,0.7697653847773893,0.02234567462993859,0.7552951203920732,0.014033880157546556,0.8024599703037842,0.7023816422321377,0.0020504487774682762,0.0020501711699514535,0.0077655077375742565,0.007489109277968301,0.7868717611252776,0.7024669823075006,0.7654959557258408,0.006441855254313242,0.007660886319845858
0.4759408381265407,0.9974550758821886,0.0014780888935151451,0.1110967479824934,0.0017602190494817134,0.0017656752726987366,0.06820687985799198,0.06920415224913495,0.0013644207231429833,0.07789767945172538,0.007248459303253824,0.11738863217318067,0.46051987767584096,0.009413550958436136,1.0,0.002357767213617543,0.0051511281396338865,0.11264844275151244,0.1110967479824934,0.11773102233756604,0.0992714657415438,0.4759408381265407,0.1095984598459846,0.11468499264953329,0.11930121160890392,0.12072200875703691,0.7151188106494153,0.9641224282448565,0.4558095981271947,0.4578387813392574,0.9610278643649425,0.10902655591472646,0.0014739770391745729,0.9973949903660886,0.11945995750361971,0.10721215449386784,0.0022138159308773588,0.07787408553530922,0.0778694065161552,0.07789767945172538,0.9940289756684616,0.9974722564734895,0.9971178891234992,0.4745348013650119,0.7274268826407843,0.6975690658640336,0.7490318469256033,0.7459865596415904,0.010775776372818005,0.7334892787524366,0.6879221471738357,0.0018322732825070552,0.09974796776827234,0.00575324952056254,0.1043937134335207,0.0013644207231429833,0.002240636649861892,0.10642989786443825,0.10635746475059474,0.10661278608540196,0.10768375196959866,0.0015834498642757259,0.02146868830148172,0.0051511281396338865,0.11264844275151244,0.9973949903660886
0.0032046014790468366,0.0019242109183451785,0.7295097324867285,0.0035087071337556093,0.6918247604146294,0.6955583457584557,0.002702993464403862,0.002807873390436213,0.7361651751675429,0.00142779848503066,0.004119168502730147,0.0005690742300425667,0.0013149847094801224,0.6967925602581135,0.0018987341772151898,1.0,0.7932950191570881,0.0025393980132944953,0.0035087071337556093,0.002576698489201965,0.0032263660017346056,0.0032046014790468366,0.00470984598459846,0.002444251580793142,0.0018408941485864563,0.0019658654275757307,0.0017417267977108733,0.003460756921513843,0.0009676160749122122,0.0007933989209774674,0.0032437222107944744,0.0030279471336797743,0.7284975814320414,0.0019113680154142583,0.00238807092758692,0.0023064250411861617,0.7692902893006062,0.0014270906878577115,0.0014270049419434305,0.00142779848503066,0.0018977674232021353,0.0019112207151664611,0.0019111323459149545,0.0034125297791513746,0.0036982606870044087,0.012116279426895376,0.004624258566316443,0.009209134465807976,0.7392938088989622,0.0038050682261208577,0.002325512501481218,0.7754517501368939,0.0031237797735259665,0.7680161943319838,0.004971129211120033,0.7361651751675429,0.8820961542176122,0.0017989786443825442,0.001798735083070615,0.003575485577012607,0.008601353230141811,0.7262482520358641,0.7134888535337077,0.7932950191570881,0.0025393980132944953,0.0019113680154142583
0.0031388660640920296,0.003770832686757084,0.7146455709378579,0.0037672434488744437,0.6841189125757872,0.6879267048575689,0.0014523546972916275,0.0014748425889159907,0.7208355070428187,0.001533004689190814,0.005109046204936616,0.0005690742300425667,0.00856269113149847,0.6825393812867717,0.0037357209015128124,0.7144034657261156,1.0,0.00397714541788035,0.0037672434488744437,0.0025396236907961815,0.002862098872506505,0.0031388660640920296,0.011791804180418041,0.011087691953452949,0.0018972480510942049,0.009847198641765705,0.0016017666086091068,0.004905384810769621,0.0006086617245415529,0.002411932719771501,0.004968433044826658,0.0015139735668398871,0.7137993315202724,0.003745664739884393,0.011564280476109889,0.007523338824821526,0.830116494003353,0.001532244738541964,0.0015321526745076834,0.001533004689190814,0.0037338188326415996,0.0037453760789149197,0.0037452029036881772,0.0028008499130770716,0.0018087563185349073,0.0016124326233510956,0.003333387800454256,0.0020378321199676437,0.731480376953358,0.002853801169590643,0.0020737054153335704,0.7617202308243124,0.0023605835788576904,0.8327509056040912,0.012542541394210547,0.7208355070428187,0.7164435687933399,0.007389353141442278,0.007388352706806181,0.011769306690999832,0.008805264621373621,0.7122234103808506,0.7113611531752574,1.0,0.00397714541788035,0.003745664739884393
0.08593262119967132,0.09380528226932745,0.0017070885812428438,0.8373991246699045,0.002249168785448856,0.002256140626226163,0.35822059654124416,0.359819048159283,0.001264095669970705,0.4197727545990141,0.008302200083022002,0.8370626664542122,0.08279816513761468,0.006547732017460619,0.09313059586292065,0.002606962122373869,0.004533844189016603,1.0,0.8373991246699045,0.8535360088979517,0.7469037294015611,0.08593262119967132,0.7911166116611661,0.8382897323721639,0.8652390344698037,0.8422124921812171,0.08918574272207017,0.0957740665481331,0.08747561451424113,0.09162170739447795,0.09329261538948401,0.21430909611686239,0.0017023396790466897,0.09317919075144508,0.8645944980350125,0.5550430166575142,0.002385762799295018,0.419609728251889,0.41958451624532467,0.4197727545990141,0.09294431672658263,0.09317200986436498,0.0931522895057257,0.08386452900650312,0.09258571405500557,0.08940554983952456,0.09369434141080736,0.088357911766536,0.011093880472384588,0.08930994152046784,0.08653276454556227,0.003116970641506255,0.5187426786411558,0.0049222245898146175,0.8404076325953118,0.001264095669970705,0.0025883216472542543,0.8169490869699784,0.8168191400885829,0.829885100281197,0.5465196032996571,0.0017479641358887884,0.007092334528168069,0.004533844189016603,1.0,0.09317919075144508
0.08706655710764175,0.09352596132956767,0.0017070885812428438,1.0,0.002170936827694113,0.0021972847838028723,0.3584492079287808,0.36127970956945943,0.00220715116979012,0.4210352290489359,0.008653447009611393,0.8262502560834035,0.09116207951070336,0.011178591763142912,0.09286816918802099,0.003642079435669376,0.004342273307790549,0.8467025169915602,1.0,0.9260543145796645,0.7551257588898526,0.08706655710764175,0.8634316556655666,0.8881489222267486,0.936770921386306,0.8954338307568582,0.08792610102015427,0.09610744221488443,0.090269215762778,0.08573468740082514,0.09495403408281776,0.21551618314988338,0.0017023396790466897,0.09290173410404624,0.9388127338711194,0.552791506498261,0.005072432618320939,0.42087157686010007,0.4208462890360957,0.4210352290489359,0.09237344359927792,0.09289457459926018,0.09287486706841545,0.09530938123752496,0.09460441530337042,0.08648781461631781,0.09789375643392866,0.09809594922531267,0.015547337866316752,0.09325536062378167,0.08968775921317691,0.004043637588981088,0.5322317276631997,0.004623907948007671,0.8692019425643379,0.00220715116979012,0.0034575341407351605,0.791511915815537,0.7914434365510705,0.8164770293673997,0.5415886551116879,0.0018507855556469525,0.0029327761697559855,0.004342273307790549,0.8467025169915602,0.09290173410404624
0.09456039441248973,0.09872443437509698,0.0018944519621109607,0.9225314398626064,0.002307842753764913,0.0023346150827905517,0.3600091444555015,0.36187531907652165,0.0020666960953489304,0.4229890585547673,0.008493789315707123,0.8256128929457558,0.08151376146788991,0.005826532548870753,0.09803951836986724,0.002664468639779175,0.0029161345253299275,0.8597356038539099,0.9225314398626064,1.0,0.7386123156981786,0.09456039441248973,0.9081236248624862,0.9147700100958217,0.9989480604865221,0.9089804307032436,0.09478415028614083,0.10099695199390399,0.09176746000780335,0.08920977467470645,0.10001740533869206,0.21600720160399361,0.0018891818389420582,0.09806551059730251,0.9709294672909498,0.5558301299652205,0.003052056914413446,0.42283945980861964,0.42281405374551245,0.4229890585547673,0.09606097542159751,0.09805795314426634,0.0980380068739115,0.08239971669564097,0.08315434182264499,0.0912790429828468,0.09047533456429027,0.09976043805612594,0.008906914787864328,0.08662768031189085,0.07942291740727575,0.0037698496272271596,0.5303681090483121,0.002897933091838909,0.873446522121525,0.0020666960953489304,0.0028201116455158293,0.7973924481584649,0.7973038314991393,0.8156948918974283,0.5426082120678469,0.0020769926791149133,0.00398704211313232,0.0029161345253299275,0.8597356038539099,0.09806551059730251
0.08673788003286771,0.08894820148350455,0.0014572707400853544,0.8039186718620155,0.002112262859378056,0.0021188103272384838,0.3713052365455475,0.3726104713823813,0.003210401701512902,0.4235601779487796,0.008557652393268831,0.8384512075755162,0.07974006116207952,0.01127348643006263,0.0883451682618092,0.003565404079128968,0.00351213282247765,0.8039995518709389,0.8039186718620155,0.7893409954583372,1.0,0.08673788003286771,0.7439150165016502,0.7678846596645353,0.799098337559876,0.7684210526315789,0.08700858422493157,0.0893764287528575,0.08583690987124463,0.08222786417010473,0.0904286460228801,0.20195179835508817,0.0014532167991861986,0.08835452793834296,0.8055884620447152,0.5448471535786198,0.0019344022696986631,0.4233952740765221,0.4233698346176378,0.4235601779487796,0.08803789363245028,0.08834771886559803,0.08832822156805327,0.09963943081578779,0.09328014728444307,0.086610666625716,0.09274661350675664,0.09327359840706863,0.017078213845480934,0.08952826510721247,0.09462021566536319,0.0025904553304410094,0.5312732952326861,0.0025143831238014064,0.7776758058965241,0.003210401701512902,0.003399586641169767,0.8013579387186629,0.8014621975513994,0.7900705785955046,0.5358605987579943,0.0014394998766142962,0.0051754873583929155,0.00351213282247765,0.8039995518709389,0.08835452793834296
1.0,0.45014121225287856,0.0034974497762048505,0.09783752839282746,0.013729708585957364,0.013909597426037824,0.07316909174040505,0.07294798343638323,0.004394237328945784,0.07668029337501503,0.004406552351757831,0.10753226650884341,0.6156574923547401,0.00700322641867527,0.4470669959864156,0.003737923631344886,0.00406555981268625,0.09763611920233027,0.09783752839282746,0.10666419501343961,0.09155247181266261,1.0,0.09888957645764576,0.10117076108326396,0.10701606086221471,0.10165311410955231,0.43134175167952227,0.4667259334518669,0.641420210690597,0.6471754998413202,0.46526052627414993,0.1097835426981464,0.0034877203180468767,0.4470905587668593,0.1074067806171377,0.09412410763316859,0.0028156299703391654,0.07665730294882002,0.07665269703934027,0.07668029337501503,0.4439387159983337,0.4471023427866831,0.4469891959373025,0.8800624557336939,0.45551589929103214,0.4277092707197592,0.4463471625353355,0.4471408126438927,0.004334168356594696,0.44230799220272904,0.4110528498637279,0.003496061665473232,0.09612722303077632,0.0036224163647986364,0.10045504952009483,0.004394237328945784,0.003901798304069846,0.09671928195605076,0.09668684602440863,0.09489934635654296,0.09552321809250162,0.0035576211236324753,0.004523759320669363,0.00406555981268625,0.09763611920233027,0.4470905587668593
0.09454396055875103,0.09911238012476335,0.0019777245758301237,0.9276098317667264,0.00236651672208097,0.002393470925213843,0.3658051155159894,0.368029950649498,0.0021068261166178417,0.4248527113141758,0.008653447009611393,0.8279574787735312,0.08886850152905199,0.005826532548870753,0.09842543995060203,0.005252261923017942,0.0146019582801192,0.8593621629696019,0.9276098317667264,0.9793493372879785,0.7507025151777971,0.09454396055875103,1.0,0.9268495722559733,0.9899690053536208,0.930372620856045,0.0967746951978104,0.10169545339090678,0.0901911822083496,0.08755950491907331,0.10025475086631118,0.21432955521911698,0.001972222798895555,0.09845086705202312,0.9803313213365675,0.5596924766611752,0.0047070455229334136,0.42468716669921436,0.4246616496177129,0.4248527113141758,0.09647755851449555,0.09844327990135635,0.09842331581462016,0.08513617925439444,0.08328353870254034,0.09528708978946236,0.09245249105377538,0.10114491942007342,0.011968666746192692,0.088046783625731,0.08422206422561915,0.004380607388062845,0.5417450569734834,0.0034945663754528023,0.8845359642078697,0.0021068261166178417,0.005408433292770084,0.8023251315382235,0.8022745295243989,0.8252667647442224,0.5432940958383539,0.0021798140988730772,0.004677107094251376,0.0146019582801192,0.8593621629696019,0.09845086705202312
0.09387017255546426,0.10064864529344217,0.0019152701155407516,0.9260032132370594,0.0022687267748875417,0.0022953778545083577,0.36370726984212365,0.3659311361960406,0.001264095669970705,0.42333473608272215,0.008653447009611393,0.8245885593316792,0.09327217125382263,0.008863161890301764,0.09995368941031182,0.002645299800644073,0.013324819071945508,0.8837291806706998,0.9260032132370594,0.9574010566317546,0.7520208152645274,0.09387017255546426,0.8994946369636964,1.0,0.9630881938574246,0.9535877044053257,0.09615264991291365,0.10255270510541022,0.09665236051502146,0.09060615677562678,0.1016155318913274,0.21582306968370227,0.0019099420789304325,0.09997687861271676,0.9817980105676839,0.5620721215449387,0.0037183510295318747,0.42316994396791296,0.42314451804785724,0.42333473608272215,0.09797417184824032,0.0999691738594328,0.09994913921982645,0.09155881784817461,0.09281180859482244,0.09602420184585145,0.10145590614225723,0.10686951652044055,0.02169072328919639,0.09606237816764132,0.08905083540703874,0.003411819215702793,0.5381243122359873,0.0025143831238014064,0.9146877748460862,0.001264095669970705,0.0028201116455158293,0.8051106468585577,0.8050596677175406,0.8225106612786085,0.5422560014829919,0.002097556963066546,0.008549138377197186,0.013324819071945508,0.8837291806706998,0.09997687861271676
0.09362366474938373,0.09873995220508364,0.0018944519621109607,0.9209248213329394,0.002386074711519656,0.00241308953935494,0.3576692396654205,0.3593936127970957,0.001264095669970705,0.42124564145725624,0.008366063160583708,0.8233365960255856,0.08053516819571865,0.005181248813816664,0.09803951836986724,0.001878546235239994,0.002149851000425713,0.8600530286055718,0.9209248213329394,0.9858003522105848,0.7379011274934952,0.09362366474938373,0.9058890264026402,0.9080925981685826,1.0,0.9090161737110177,0.09411545160487683,0.1004254508509017,0.09095591104174795,0.0890352269120914,0.09947942214275542,0.21410450509431647,0.0018891818389420582,0.09808092485549133,0.9637840582162802,0.5532674354750138,0.003052056914413446,0.42108188496146853,0.42105658450122424,0.42124564145725624,0.09607640442503819,0.09807336621454994,0.09805341923153985,0.08209387676260382,0.08315434182264499,0.09106405196639998,0.0900831712936486,0.09867152012942568,0.007992365501610402,0.08617543859649122,0.07811944543192322,0.0037698496272271596,0.5282915054488658,0.002897933091838909,0.8727390921953272,0.001264095669970705,0.002028162484788781,0.7949551222531724,0.7949635417674022,0.8153038231624425,0.5427008990638613,0.0020769926791149133,0.0032203032452222586,0.002149851000425713,0.8600530286055718,0.09808092485549133
0.09347576006573541,0.10499363768970547,0.0019152701155407516,0.9252645380510055,0.002346958732642284,0.0023738523110727458,0.36065463543207554,0.3636905099551875,0.0013042256912396163,0.420403991823975,0.00862151547083054,0.8270241970362614,0.09180428134556574,0.00943252989182008,0.10427601111454153,0.0021085723048612174,0.011728395061728396,0.8799387556949735,0.9252645380510055,0.9428491982574845,0.7458282740676496,0.09347576006573541,0.8948535478547854,0.9450751873040614,0.9554616323847093,1.0,0.09742784274695197,0.10707708915417831,0.08555598907530237,0.08743256109171692,0.10582445924777291,0.21228364499365768,0.0019099420789304325,0.10429287090558767,0.982437336642786,0.5567453779974373,0.0046425654472767915,0.4202406525559945,0.4202154026407102,0.420403991823975,0.1022942928116273,0.10428483353884094,0.10426459935576345,0.08851651535638401,0.08967878425736019,0.10078471721003086,0.09501789244922303,0.10052268060481613,0.014573144061394091,0.09250682261208577,0.088325038511672,0.0037909102396697695,0.5356039899187107,0.003430641380779885,0.907211961301671,0.0013042256912396163,0.002182689150296498,0.7974311358712473,0.7974198789238536,0.8230879532207304,0.5400500509778479,0.002097556963066546,0.007360693131936591,0.011728395061728396,0.8799387556949735,0.10429287090558767
0.45582580115036975,0.7106235064088637,0.02000624544602894,0.10441173754870639,0.00264032857422257,0.002707368751471396,0.07224119846157984,0.07280617164898746,0.0012239656487017937,0.07950583142960202,0.0043426892741961235,0.11813981015683686,0.4424770642201835,0.01022964509394572,0.7098641556035814,0.0021469099831314216,0.002192422307364836,0.10708417357532303,0.10441173754870639,0.11298544814162573,0.09705117085862966,0.45582580115036975,0.10696850935093509,0.10951309800031882,0.1136846059922983,0.11196497185238138,1.0,0.721504318008636,0.44035895435037065,0.4449222469057442,0.721530403962088,0.10826956913130652,0.019950590628827668,0.7094258188824663,0.11359320057915422,0.10091524803221673,0.011391480032669906,0.07948144031005423,0.07947666471392306,0.07950583142960202,0.7060003394380757,0.7094944512946979,0.7092304609836166,0.454993239327796,0.7085318389560892,0.8839662771234202,0.7269236425431788,0.7156524173977973,0.020776174002942464,0.6952358674463938,0.6800272544140301,0.005223031885767238,0.09639345426147457,0.01127210739399105,0.09833275974150128,0.0012239656487017937,0.0021054258175426397,0.10240637573506654,0.10239251107285845,0.10657554144397474,0.10156641023264436,0.019906226865180555,0.007705725622496118,0.002192422307364836,0.10708417357532303,0.7094258188824663
0.48315529991783074,0.9444306508177897,0.0014572707400853544,0.11179848940924451,0.0012908273029532565,0.0012948285333124069,0.06874478900513703,0.06971467468375972,0.0023676712548657652,0.07722135385355296,0.007184596225692116,0.11351892740889122,0.46111620795107033,0.012734864300626305,0.937511577647422,0.0041788069314522315,0.006577266922094508,0.11264844275151244,0.11179848940924451,0.11793493372879785,0.09765828274067649,0.48315529991783074,0.11011413641364136,0.11441931312988186,0.11883159575467268,0.12054329371816638,0.7067834038317989,1.0,0.45741708934841985,0.4669470009520787,0.9826104843431067,0.10857645566512542,0.0014532167991861986,0.9379884393063583,0.11915909817415994,0.10399048142046495,0.002170829213772944,0.07719809520948188,0.07719345680681357,0.07722135385355296,0.934287874346196,0.9380548705302096,0.9376878381085955,0.48261541433262506,0.7362122704736681,0.7049862559314486,0.7522508537721204,0.7503577873187729,0.01276392699510915,0.7401637426900585,0.6891219338784216,0.0022113643064740323,0.09882503283518512,0.006243341146388238,0.10596153110779702,0.0023676712548657652,0.003360954974792838,0.10583023831631073,0.1057578863895712,0.1034283692433751,0.10395773472981741,0.0015834498642757259,0.005252161245183922,0.006577266922094508,0.11264844275151244,0.9379884393063583
0.6754149548069022,0.4536482418298625,0.0024981784115748933,0.10681243190338129,0.0007627615881087424,0.0007651259515027858,0.06632419784298432,0.06720460604685462,0.0008026004253782255,0.07731153059997595,0.0043426892741961235,0.10964922264460177,0.8684097859327217,0.004289238944771304,0.45084902747761657,0.0011884680263763226,0.0008301404853128991,0.10465680782732094,0.10681243190338129,0.10899990731300399,0.09540329575021683,0.6754149548069022,0.09933649614961496,0.10969021768008644,0.1094768479383864,0.09797158430881958,0.43879074396616075,0.4652813055626111,1.0,0.9620755315772771,0.46386809917878447,0.10914931052825402,0.002491228798604912,0.45060500963391137,0.10278106842669374,0.09884678747940692,0.0026006963848170914,0.07728822725292554,0.07728358343472579,0.07731153059997595,0.44955487325073673,0.4505856966707768,0.4504569764036805,0.6716888803039083,0.4710033752684873,0.43085735346058757,0.4674749587411559,0.4431740401966275,0.0118096146964094,0.4609746588693957,0.4198809100604337,0.0035803041152436712,0.09444109190302084,0.0029618580865118263,0.1015639937287293,0.0008026004253782255,0.0012168974908732689,0.09822810275456514,0.09815678007078893,0.09398685264157619,0.09454073593474835,0.002508842642099202,0.0021277003584504206,0.0008301404853128991,0.10465680782732094,0.45060500963391137
0.6702547247329499,0.44817044784457344,0.0024981784115748933,0.09977655075621872,0.0007627615881087424,0.0007651259515027858,0.06542320002151637,0.06626864825004254,0.0007825354147437698,0.07693579415654683,0.00431075773541527,0.10942159295258473,0.8689449541284404,0.005238185613968495,0.44539981475764123,0.000958441956755099,0.0032354193273733504,0.10781238329972366,0.09977655075621872,0.1042172583186579,0.08988725065047702,0.6702547247329499,0.0948501100110011,0.10113533714731043,0.10540058232365924,0.09847198641765705,0.4360381935804927,0.46715455930911864,0.9462348809988295,1.0,0.4658776246459596,0.10865829207414379,0.002491228798604912,0.4451637764932563,0.10150241627648972,0.09978034047226798,0.001762455401281004,0.07691267707191035,0.07690805581842489,0.07693579415654683,0.4440930060327403,0.44514488286066584,0.4450164141608742,0.6615317751593587,0.4664976340821369,0.4311030574793839,0.46324286344548116,0.43234708481115053,0.0050300210743965965,0.4560311890838207,0.4137042303590473,0.0012636367465565898,0.09325192573923538,0.007884082676326443,0.09705173798325112,0.0007825354147437698,0.0009464758262347646,0.09956282884555866,0.09953000792990735,0.09393098567943538,0.09459634813235702,0.002508842642099202,0.0030477869999424945,0.0032354193273733504,0.10781238329972366,0.4451637764932563
0.48322103533278554,0.9444927221377363,0.001394816279795982,0.11081974478772322,0.0017602190494817134,0.0017656752726987366,0.07117882789596837,0.07178512677973793,0.00220715116979012,0.07773235541661656,0.006833349299102723,0.1134051125628827,0.463914373088685,0.01281078003416208,0.9375733251003396,0.003929612022695906,0.006683695189442316,0.11009037269400254,0.11081974478772322,0.11717490036147929,0.09913269731136166,0.48322103533278554,0.10891089108910891,0.11374625834676491,0.11809899502207194,0.11952461799660441,0.7091316247822842,0.9858394716789434,0.4575263363246196,0.4672008886067915,1.0,0.10896517860796268,0.0013909360792210758,0.9379884393063583,0.11820010906150694,0.10655317591067179,0.001998882345355285,0.07770884345566255,0.0777041743649828,0.07773235541661656,0.9343495903599587,0.9381165228113441,0.9377648998967372,0.48298564161998586,0.7362607193036288,0.6998571845390746,0.7518260102289253,0.7434042685582727,0.012942860551115352,0.7412397660818714,0.68368586325394,0.0022956067562444715,0.1020730538497036,0.006094182825484765,0.10521586172612903,0.00220715116979012,0.003109849143342798,0.10348963169297432,0.10347562037019128,0.10542095755973109,0.10410603392344055,0.0015011927284691946,0.005328835131974928,0.006683695189442316,0.11009037269400254,0.9379884393063583
0.08818405916187345,0.08284969429874926,0.001228271052357656,0.19453011024727151,0.006610600430275768,0.006709566036255199,0.14754847906188645,0.1499801463497646,0.0010233155423572374,0.18577912708909464,0.005364498515183447,0.20438870046208826,0.08102446483180428,0.0032643765420383376,0.08226304414942884,0.002836988191995093,0.001575138356747552,0.19558966315632234,0.19453011024727151,0.19571786078413198,0.17122289679098004,0.08818405916187345,0.18007425742574257,0.18684355018686127,0.19658119658119658,0.18543472433205255,0.08229659119183877,0.084248793497587,0.08326180257510729,0.0842748333862266,0.0842734853399579,1.0,0.0012248541593140817,0.08229672447013488,0.19745773866606495,0.2289218378180487,0.001526028457206723,0.18568703150114918,0.18567587460381837,0.18577912708909464,0.08206686930091185,0.08229038224414303,0.08228657737774148,0.08579614963621145,0.08431711374170314,0.08045270965463229,0.08735436853543359,0.08437558334888931,0.0019483876098453218,0.08316569200779728,0.07936366868112335,0.0013900004212122489,0.20625820879627987,0.0014915832090347326,0.19104431952888992,0.0010233155423572374,0.002936006644646617,0.1987194367069019,0.19863450863586252,0.18830890705599732,0.21438502178144406,0.0011927284691947027,0.003450324905595277,0.001575138356747552,0.19558966315632234,0.08229672447013488
0.00276088742810189,0.001117283759039136,1.0,0.0015142841314103156,0.6819675337375318,0.6848662010515577,0.005056345983163443,0.004864144307674854,0.7136522332356836,0.0016081519778766381,0.004151100041511001,0.00025039266121872934,0.0017737003058103976,0.719908901119757,0.0010960172892868169,0.6726537340898635,0.7318646232439336,0.0015311076256628575,0.0015142841314103156,0.0016869033274631569,0.0012142237640936687,0.00276088742810189,0.001632975797579758,0.0016295010538620947,0.0017094017094017094,0.0016441783576087929,0.01494463796964419,0.001111252222504445,0.0018728053062817011,0.001904157410345922,0.001060143356698682,0.001207087033020991,1.0,0.0011098265895953757,0.0017299411443936743,0.005674537799743731,0.7271847998968318,0.0016073547747450015,0.0016072581977678638,0.0016081519778766381,0.0010954592442874115,0.0011097410604192356,0.0011096897492409413,0.002446719464297212,0.0009528269892282101,0.004699089359480336,0.001192829948201768,0.0013689253935660506,0.6865282913833552,0.00101364522417154,0.001925583599952601,0.7392906785729328,0.007596464449256327,0.7233539313871724,0.0015486979465412414,0.7136522332356836,0.6771358482548144,0.0010832559579077685,0.0010831092973328433,0.002495390975623382,0.0011678561497821855,0.9882577938636177,0.6723916502137285,0.7318646232439336,0.0015311076256628575,0.0011098265895953757
0.47666392769104354,0.9996586077402936,0.001498907046944936,0.1112998836586582,0.001779777038920399,0.0017852938868398336,0.06851617761760039,0.06948777582392648,0.001384485733777439,0.07804797402909704,0.0072803908420346775,0.11759349889599599,0.46154434250764526,0.00943252989182008,0.998857672121025,0.002376936052752645,0.005172413793103448,0.11287250728209725,0.1112998836586582,0.11793493372879785,0.0994275802254987,0.47666392769104354,0.10978754125412542,0.11487982429727767,0.11952662721893491,0.12091859529979448,0.7157253048021897,0.9660274320548641,0.45623097932110807,0.4582672167565852,0.962863336445197,0.10923114693727239,0.0014947372791629472,1.0,0.1196667982926233,0.10739520410031118,0.0022353092894295662,0.0780243056077153,0.07801961756267556,0.07804797402909704,0.9956953080400537,0.9996609124537608,0.9992602068338394,0.47521086858540984,0.7283797096300124,0.6981833259110244,0.7500776156473145,0.7470599215979092,0.010795657879040917,0.7345029239766082,0.6887516293399691,0.0018533338949496651,0.10003194774768379,0.005774557852120179,0.10462315016634163,0.001384485733777439,0.002259952483050356,0.10664268028474157,0.10657021836257084,0.10674314233039721,0.10792473815923626,0.0016040141482273587,0.02146868830148172,0.005172413793103448,0.11287250728209725,1.0
0.09387017255546426,0.09875547003507029,0.0019152701155407516,0.9219959003527174,0.002386074711519656,0.00241308953935494,0.36199940829993815,0.36398831470871856,0.0013042256912396163,0.4227485872309727,0.008557652393268831,0.8247023741776878,0.08937308868501528,0.0049724805465932815,0.09807039209632602,0.0024344425701579514,0.013090676883780333,0.8585405930241243,0.9219959003527174,0.9571786078413199,0.7431396357328708,0.09387017255546426,0.8961599284928493,0.924794983970669,0.9628064243448858,0.9337324635868108,0.09394438915153024,0.1006000762001524,0.08530628170113148,0.08565534750872739,0.09946359910758082,0.2148410327754818,0.0019099420789304325,0.09809633911368015,1.0,0.5584660442980047,0.0046425654472767915,0.4225991076927699,0.42257371607107985,0.4227485872309727,0.09609183342847885,0.09808877928483353,0.0980688315891682,0.08289871869164896,0.08329968831252725,0.0914940339992936,0.09011585156620207,0.09966710223383735,0.007594735377152173,0.08647173489278752,0.07974878540111388,0.004191061876079356,0.5367754073337829,0.003430641380779885,0.8829299070781232,0.0013042256912396163,0.0025883216472542543,0.8039887031878675,0.8039572171827554,0.824857073688523,0.5429789600519047,0.002097556963066546,0.0032969771320132644,0.013090676883780333,0.8585405930241243,0.09809633911368015
0.08450287592440427,0.09104310853170293,0.006411991256375559,0.557681298590977,0.014042636416976334,0.014262732480577573,0.47146391974395524,0.4731692098247206,0.0010835105742606043,0.5054406637008537,0.010154229332311525,0.6255491566319911,0.08516819571865443,0.007306889352818371,0.0904137079345477,0.0024152737310228494,0.008748403575989784,0.5661737246993801,0.557681298590977,0.5628881267958106,0.5163052905464007,0.08450287592440427,0.5255775577557755,0.5438636886944508,0.5677655677655677,0.5435617907246895,0.08573339139089325,0.09018605537211075,0.08427623878267655,0.0864963503649635,0.09210588775138848,0.2558615327959409,0.0064356743963960225,0.0904354527938343,0.5736823301555066,1.0,0.0025792030262648843,0.5052652135378329,0.5052348549712345,0.5054406637008537,0.09019795411414376,0.09042848335388409,0.09042430220550837,0.08285042817590625,0.08672340562975404,0.08443004345889832,0.0886125590287423,0.08534005351253811,0.006381963497554575,0.08676803118908383,0.08432574949638583,0.0015584853207531275,0.7978772496538994,0.009247815896015341,0.558047493403694,0.0010835105742606043,0.00231789998261575,0.5804510987310431,0.5804692184205945,0.5548520456619304,0.805839280748911,0.006539442296619232,0.0049071287546243935,0.008748403575989784,0.5661737246993801,0.0904354527938343
0.002152834839769926,0.0016138543186120854,0.7033413136254815,0.004358183597717493,0.6746332876980247,0.6782939653142902,0.0017347569995427772,0.0017442849849679505,0.7118865122998516,0.0024648310688950344,0.003799853114921608,0.0004552593840340534,0.0009021406727828746,0.6700322641867527,0.001589996912627354,0.68609109032357,0.8220945083014048,0.002072596907909478,0.004358183597717493,0.0026323106868106406,0.0015611448395490026,0.002152834839769926,0.0037644389438943895,0.0030641704599798083,0.0026674180520334365,0.0038602448396032525,0.00824210002488181,0.0016033782067564136,0.001888412017167382,0.0013011742304030467,0.001471542271238469,0.0014525962600761078,0.7023811995266666,0.001603082851637765,0.004061600947706888,0.002196595277320154,1.0,0.0024636091874596284,0.002463461162933922,0.0024648310688950344,0.00158918735438878,0.0016029593094944513,0.0016028851933480265,0.0032193677161805423,0.0010981734791104794,0.004084829312489442,0.0019771564894851225,0.0017267127123389958,0.7161318541492704,0.002245614035087719,0.0015404668799620807,0.7494629543827135,0.0041177097014660465,0.8565736202855316,0.002504684333295094,0.7118865122998516,0.6935736222981979,0.0012186629526462396,0.0012184979594994487,0.001806365109219911,0.008582815830938919,0.7007074113679361,0.7345550039295367,0.8220945083014048,0.002072596907909478,0.001603082851637765
0.0838619556285949,0.08059960895068434,0.002227542416987613,0.5173865671917416,0.012458439272442792,0.012457819979596642,0.5052042709986283,0.5048925066651541,0.0029495565632649784,0.9996092340988337,0.007759363923747486,0.5985522751587717,0.08061162079510703,0.00322641867527045,0.08002469898116703,0.001821039717834688,0.0021711366538952745,0.5215662110687879,0.5173865671917416,0.5217907127629994,0.4888985255854293,0.0838619556285949,0.4859564081408141,0.49894613790538267,0.5265520803982342,0.49995532124028236,0.08228104005971634,0.08158178816357632,0.08029652750682793,0.08124404950809266,0.081852560958243,0.2528949629690249,0.0022213456787560466,0.08006165703275529,0.5289859160226397,0.6156873512721948,0.003524910802562008,1.0,0.9999399155813918,0.9996092340988337,0.0798450928054557,0.08005548705302096,0.08005178552163124,0.08338162384907605,0.08160397926390078,0.07996130161703957,0.08385757937221197,0.08146661688756145,0.0027436478587617797,0.08063937621832358,0.07708259272425642,0.0016848489954087865,0.5965709417486067,0.002493074792243767,0.5286413521471455,0.0029495565632649784,0.0016997933205848835,0.5429627050448778,0.5429085352880877,0.5210711558874467,0.6151265177495597,0.001974171259356749,0.0013226245471448562,0.0021711366538952745,0.5215662110687879,0.08006165703275529
0.0838619556285949,0.08059960895068434,0.002227542416987613,0.5173865671917416,0.012458439272442792,0.012457819979596642,0.5052042709986283,0.5048925066651541,0.0029495565632649784,0.9996392930143081,0.007759363923747486,0.5985522751587717,0.08061162079510703,0.00322641867527045,0.08002469898116703,0.001821039717834688,0.0021711366538952745,0.5215662110687879,0.5173865671917416,0.5217907127629994,0.4888985255854293,0.0838619556285949,0.4859564081408141,0.49894613790538267,0.5265520803982342,0.49995532124028236,0.08228104005971634,0.08158178816357632,0.08029652750682793,0.08124404950809266,0.081852560958243,0.2528949629690249,0.0022213456787560466,0.08006165703275529,0.5289859160226397,0.6156873512721948,0.003524910802562008,1.0,1.0,0.9996392930143081,0.0798450928054557,0.08005548705302096,0.08005178552163124,0.08338162384907605,0.08160397926390078,0.07996130161703957,0.08385757937221197,0.08146661688756145,0.0027436478587617797,0.08063937621832358,0.07708259272425642,0.0016848489954087865,0.5965709417486067,0.002493074792243767,0.5286413521471455,0.0029495565632649784,0.0016997933205848835,0.5429627050448778,0.5429085352880877,0.5210711558874467,0.6151265177495597,0.001974171259356749,0.0013226245471448562,0.0021711366538952745,0.5215662110687879,0.08006165703275529
0.0838455217748562,0.08058409112069768,0.002227542416987613,0.5173311665527875,0.012458439272442792,0.012457819979596642,0.5050832414405207,0.5047648760564978,0.0029495565632649784,1.0,0.007695500846185778,0.59852951218957,0.08059633027522936,0.00322641867527045,0.08000926211793763,0.001821039717834688,0.0021711366538952745,0.5215101949361416,0.5173311665527875,0.5217165631661878,0.488846487424111,0.0838455217748562,0.4859048404840484,0.49889300200145237,0.5264957264957265,0.4999017067286212,0.08226548892759393,0.08156591313182626,0.08028092079594225,0.08122818152967312,0.0818367379230684,0.2528949629690249,0.0022213456787560466,0.08004624277456647,0.5289107011902747,0.615595826468973,0.003524910802562008,0.9991137015728041,0.9990837126162257,1.0,0.07982966380201503,0.08004007398273737,0.0800363731640029,0.08336552701049514,0.08158782965391385,0.07994594511586481,0.08384123923593523,0.08145106091718002,0.0027436478587617797,0.08062378167641325,0.07706778054271833,0.0016848489954087865,0.5964999467537538,0.002493074792243767,0.5285839929639402,0.0029495565632649784,0.0016997933205848835,0.5429433611884865,0.5428891940506354,0.5210525335667331,0.6149782185559366,0.001974171259356749,0.0013226245471448562,0.0021711366538952745,0.5215101949361416,0.08004624277456647
0.47285127362366475,0.9948635982744173,0.0014780888935151451,0.11056120847260438,0.001721103070604342,0.0017264380444165423,0.06822032758667061,0.06920415224913495,0.001324290701874072,0.0777624143320909,0.007248459303253824,0.11718376545036535,0.4595718654434251,0.009375593091668247,0.9945353504167953,0.002357767213617543,0.0051511281396338865,0.11248039435357383,0.11056120847260438,0.11541384743720456,0.09897658282740676,0.47285127362366475,0.10748418591859187,0.11247099665243805,0.11697191697191697,0.11848807077115539,0.7115887036576263,0.9612966725933452,0.4547327350760827,0.45672802284988895,0.9582113641038624,0.10882196489218053,0.0014739770391745729,0.9947437379576108,0.11710949399221526,0.10701079992678016,0.0022138159308773588,0.07773888747014376,0.07773421657428688,0.0777624143320909,1.0,0.9948982737361283,0.994436138896167,0.4737299594359668,0.7262318115017522,0.6944824091279043,0.748002418340169,0.7426886939207268,0.010736013360372183,0.7325380116959065,0.686737172650788,0.0018322732825070552,0.09960597777856661,0.00575324952056254,0.10427899506711025,0.001324290701874072,0.002240636649861892,0.10627514701330858,0.10620273485097577,0.10638931823683867,0.10746130317916397,0.0015834498642757259,0.02146868830148172,0.0051511281396338865,0.11248039435357383,0.9947437379576108
0.4767132292522597,1.0,0.001498907046944936,0.1112998836586582,0.001779777038920399,0.0017852938868398336,0.06851617761760039,0.06948777582392648,0.001384485733777439,0.07804797402909704,0.0072803908420346775,0.11759349889599599,0.46152905198776756,0.00943252989182008,0.999012040753319,0.002376936052752645,0.005172413793103448,0.11287250728209725,0.1112998836586582,0.11793493372879785,0.0994275802254987,0.4767132292522597,0.10978754125412542,0.11487982429727767,0.11952662721893491,0.12091859529979448,0.715849713859169,0.9661703073406147,0.45624658603199375,0.4582830847350048,0.9630690359024668,0.10923114693727239,0.0014947372791629472,0.99973795761079,0.1196667982926233,0.10739520410031118,0.0022353092894295662,0.0780243056077153,0.07801961756267556,0.07804797402909704,0.9959267430916637,1.0,0.9995222169135213,0.4752430622625716,0.728460457679947,0.698275464918073,0.750110295919868,0.7470910335386721,0.010795657879040917,0.7345808966861599,0.6887960658845835,0.0018533338949496651,0.100049696496397,0.005774557852120179,0.10462315016634163,0.001384485733777439,0.002259952483050356,0.10664268028474157,0.10657021836257084,0.10674314233039721,0.10794327555843915,0.0016040141482273587,0.02146868830148172,0.005172413793103448,0.11287250728209725,0.99973795761079
0.47661462612982747,0.9995655007603736,0.001498907046944936,0.11128141677900685,0.001779777038920399,0.0017852938868398336,0.06850272988892177,0.0694735946451869,0.001384485733777439,0.07804797402909704,0.0072803908420346775,0.11757073592679429,0.46143730886850154,0.00943252989182008,0.998703303488731,0.002376936052752645,0.005172413793103448,0.11285383523788184,0.11128141677900685,0.11791639632959496,0.09941023417172594,0.47661462612982747,0.10977035203520352,0.11486211232930091,0.11950784258476566,0.12090072379590742,0.7156164468773327,0.9658369316738633,0.456137339055794,0.4581720088860679,0.9627525751989746,0.10923114693727239,0.0014947372791629472,0.999383429672447,0.11964799458453207,0.10739520410031118,0.0022353092894295662,0.0780243056077153,0.07801961756267556,0.07804797402909704,0.9955101599987657,0.9995684340320592,1.0,0.4751303843925053,0.7282182135301433,0.6980758304028011,0.7498651938757169,0.7468576939829507,0.010775776372818005,0.7343313840155945,0.6885590709799739,0.0018533338949496651,0.100049696496397,0.005774557852120179,0.10460403043860655,0.001384485733777439,0.002259952483050356,0.10662333642835035,0.10655087712511846,0.1067245200096836,0.10794327555843915,0.0016040141482273587,0.02146868830148172,0.005172413793103448,0.11285383523788184,0.999383429672447
0.8984880854560394,0.45814841252599237,0.0031643593213281983,0.10934239441561559,0.014179542343047134,0.014321588323000864,0.07221430300422259,0.07196948210335243,0.0035715718929331033,0.07783756162077672,0.0037359900373599006,0.1133140606860759,0.6320183486238532,0.005693680015183147,0.4550787280024699,0.004063793896641619,0.003703703703703704,0.09728135036223766,0.10934239441561559,0.0948929465196033,0.10737207285342584,0.8984880854560394,0.09091377887788779,0.10074567385182168,0.09580163426317273,0.09827539987489947,0.4395683005722817,0.47596520193040387,0.6512368318376902,0.6521263091082196,0.4747701704140888,0.10904701501698105,0.0031555564782328885,0.4550597302504817,0.0968390966698633,0.09421563243639026,0.0042986717104414734,0.0778139975063468,0.07780932209754705,0.07783756162077672,0.4540755712588524,0.45505548705302096,0.45492656011590094,1.0,0.47922352675182894,0.43738386645986577,0.4740927139332342,0.4722792607802875,0.016581176189908148,0.46691617933723195,0.43602618793695935,0.004549092287603723,0.09870079159419261,0.004986149584487534,0.10869565217391304,0.0035715718929331033,0.003534797473489019,0.09420458062519343,0.09419182639305262,0.09448965530084359,0.09350264157938641,0.0032285925804063503,0.004753780981042382,0.003703703703703704,0.09728135036223766,0.4550597302504817
0.46353327855382087,0.6999472393780454,0.001228271052357656,0.10817898099758085,0.0011343633874437709,0.0011378796201836302,0.06555767730830263,0.06612683646264678,0.0010634455636261487,0.07592882048815679,0.004821662355908932,0.10748674057044001,0.4614525993883792,0.01588536724236098,0.6953226304414943,0.004389664161938353,0.00238399318859089,0.10704682948689223,0.10817898099758085,0.09544906849569006,0.10019080659150044,0.46353327855382087,0.08864480198019802,0.10179067996245063,0.09672208133746596,0.09924046108480028,0.6822748196068674,0.7236950723901447,0.45516972298088176,0.4583624246271025,0.7213721736103419,0.10681697287123042,0.0012248541593140817,0.6952138728323699,0.09698952633459318,0.09829763866007687,0.001461548381550101,0.07590620258678965,0.07590164180673847,0.07592882048815679,0.6938268557233889,0.6952373612823675,0.6949740301773962,0.47765758804970704,1.0,0.6880019656321503,0.7573489762904623,0.710534503142306,0.02181001232653386,0.7312748538011696,0.6793755184263538,0.0026536371677688387,0.09587874054879131,0.0029192414233965482,0.1103973079423349,0.0010634455636261487,0.003303007475227444,0.09749303621169916,0.0974798367599559,0.09151008398666642,0.09706182222634165,0.0012955498889528666,0.004217063773505339,0.00238399318859089,0.10704682948689223,0.6952138728323699
0.45771569433032044,0.7056112473231744,0.006370354949515978,0.1040054661963768,0.002444748679835713,0.002511182610060425,0.07238912347704472,0.07310397640251858,0.0010835105742606043,0.07824335697968017,0.004630073123223808,0.115066809314607,0.44747706422018346,0.013987473903966596,0.7012195121951219,0.01512421407759546,0.002234993614303959,0.1087086414220629,0.1040054661963768,0.11018630086198906,0.09783174327840416,0.45771569433032044,0.10665910341034103,0.11075293575869215,0.11139288062364985,0.1172906800107229,0.8951698183627768,0.7287909575819151,0.4378774873195474,0.4454617581720089,0.7211190050475482,0.10718523671181308,0.006352633436442525,0.7008092485549133,0.11203249280758165,0.10064067362255172,0.00571723337488716,0.0782195917018432,0.07821489192315202,0.07824335697968017,0.6977612516007591,0.700847718865598,0.700614953069371,0.458470156461271,0.7235348266339368,1.0,0.7332636154185526,0.7177058054881463,0.02099487057139449,0.7066198830409357,0.7097256783979145,0.002232424918916642,0.09651769550246708,0.005497549541870871,0.09955642231654621,0.0010835105742606043,0.012439396573371193,0.10246440730424017,0.10241185231031082,0.106184472708989,0.10015756789322458,0.006436620876861068,0.00833828518852192,0.002234993614303959,0.1087086414220629,0.7008092485549133
0.4489071487263763,0.7123615033673691,0.0015197252003747268,0.11063507599120977,0.001114805398005085,0.0011182610060425332,0.0661090341841263,0.06658063418231323,0.0018459809783699186,0.07711614764939281,0.0049493885110323465,0.11021829687464432,0.446651376146789,0.00829379388878345,0.7076258104353196,0.00542478147523386,0.004342273307790549,0.10706550153110762,0.11063507599120977,0.10264157938641208,0.09845620121422377,0.4489071487263763,0.097256600660066,0.10997360916771462,0.10355968817507279,0.10392279510320794,0.6918232147300324,0.7308388366776734,0.44649239172844324,0.44985718819422404,0.7280336714188516,0.10937436065305454,0.0015154975191513213,0.7075761078998073,0.10370245012316429,0.09926780157422661,0.0026006963848170914,0.07709294115879764,0.07708830907424932,0.07711614764939281,0.7062934905034484,0.7075524044389643,0.707288503922445,0.46703367458631123,0.7485182732837002,0.6891229902179088,1.0,0.8678675875801133,0.03061751958328363,0.9260662768031189,0.6812862898447684,0.003390758603260183,0.09648219800504064,0.0034945663754528023,0.11261519635960383,0.0018459809783699186,0.00509937996175465,0.09863432373878056,0.09862096976964586,0.1005977764949068,0.09969413291315228,0.0016040141482273587,0.007801567980984876,0.004342273307790549,0.10706550153110762,0.7075761078998073
0.4723746918652424,0.741798826852053,0.0018319975018215883,0.11645214308138353,0.001251711324075885,0.0012555913050302126,0.07056023237675156,0.07134551023881106,0.002969621573899434,0.07869424071179512,0.005013251588594054,0.11292709020964695,0.43996941896024466,0.008028088821408237,0.7402747761654832,0.011347952767980372,0.0027884206045125587,0.106057211143476,0.11645214308138353,0.11888034108814534,0.10400693842150911,0.4723746918652424,0.11176430143014301,0.12168122000035424,0.11915093453554992,0.11548565811813064,0.7154298332918636,0.765748031496063,0.44461958642216154,0.4410187242145351,0.7561670279593031,0.1109701706289128,0.0018269011189769354,0.7402543352601156,0.12047535774054643,0.1004210140948197,0.002385762799295018,0.07867025191906142,0.07866552506271311,0.07869424071179512,0.7366269112678012,0.7402281134401972,0.7399627020945394,0.4887000193162063,0.7376495857625038,0.7085028947004715,0.911616202879132,1.0,0.02226728696966082,0.8642495126705653,0.6970168266382273,0.0015795459331957374,0.09960597777856661,0.00221606648199446,0.11357118274635769,0.002969621573899434,0.009677232427420756,0.10159393376663571,0.10154149662495407,0.10292556658410772,0.1039948095282232,0.0019124784075018508,0.003526998792386283,0.0027884206045125587,0.106057211143476,0.7402543352601156
0.003582580115036976,0.008426181682753484,0.7178723847194753,0.014441099887352035,0.6883434382945434,0.6904378874676292,0.0029450525806191336,0.0030914969652277497,0.7366868654440387,0.0020740651677287484,0.004470415429319539,0.0008877557988664042,0.011590214067278287,0.7034731448092617,0.008366779870330349,0.712793283238767,0.7831417624521073,0.010419000672193592,0.014441099887352035,0.008304754842895543,0.014900260190806591,0.003582580115036976,0.010347909790979097,0.01932375706264723,0.007551422936038321,0.013099812349209186,0.016250933067927346,0.010191770383540768,0.009270386266094421,0.0040145985401459855,0.010300795898669283,0.0020049920209501207,0.7168718470385518,0.008369942196531793,0.007183016490851996,0.005875892366831411,0.7741907750505094,0.0020730369992038337,0.002072912441980983,0.0020740651677287484,0.008331661857960594,0.008369297163995067,0.008353497834563753,0.01342476337647286,0.01771612215564994,0.016216465240559592,0.025163809866174284,0.01742268682720428,1.0,0.02254970760233918,0.02214421139945491,0.7841076618508066,0.0035674984913563594,0.7722139356488387,0.022331841994569997,0.7366868654440387,0.7219678970852408,0.0026114206128133705,0.0026110670560702473,0.00439486768841133,0.0029659838724626934,0.7144443530476269,0.7517491230424198,0.7831417624521073,0.010419000672193592,0.008369942196531793
0.46611339359079706,0.7309673815213681,0.0013531799729364006,0.11043194031504497,0.0015450811656561707,0.001569489131287766,0.06710416610634463,0.06768676612400022,0.0010634455636261487,0.07770229650114224,0.004502346968100392,0.11090118595069541,0.4596330275229358,0.00685139495160372,0.7260728619944428,0.004677196748964883,0.003895274584929757,0.10693479722159982,0.11043194031504497,0.10297525257206414,0.0995836947094536,0.46611339359079706,0.0970503300330033,0.10910572273685329,0.10380388841927303,0.10601376105799303,0.6933005722816621,0.7534766319532639,0.4613343737807257,0.46402729292288164,0.7521005079194291,0.10910839232374483,0.0013494155992443272,0.7260115606936416,0.10426656136590136,0.10184880102507779,0.003095043631517861,0.07767879944118133,0.07767413215567873,0.07770229650114224,0.7247620076219277,0.7260326757090012,0.725752508361204,0.4819554439508081,0.757303661116584,0.6958337812312843,0.9703426526577231,0.8621118785389833,0.028748657998329954,1.0,0.6956096693921081,0.00859272987658481,0.09697916296901068,0.004368207969316002,0.11079882222477153,0.0010634455636261487,0.004268799134650673,0.09913726400495203,0.09912384194340754,0.10065364345704762,0.10043562888126796,0.0014394998766142962,0.005501351377254692,0.003895274584929757,0.10693479722159982,0.7260115606936416
0.45605587510271156,0.717311691133112,0.0027063599458728013,0.11181695628889586,0.0021513788382554275,0.002216903397943969,0.07288668943815389,0.0735861364796642,0.0022874112123279426,0.07819826860646868,0.0054922246703068625,0.11802599531082834,0.4431651376146789,0.01787815524767508,0.7169342389626427,0.0030095077442110108,0.002979991485738612,0.1090820823063709,0.11181695628889586,0.09939753452590601,0.11080659150043365,0.45605587510271156,0.09773789878987899,0.10648435147629252,0.09907016060862214,0.10656777767849164,0.7139524757402339,0.7385699771399543,0.4424034334763948,0.44319263725801333,0.7303438345543443,0.10961986988010966,0.0026988311984886544,0.716747591522158,0.10123916436321242,0.10421014094819696,0.0022353092894295662,0.07817452568012138,0.07816982860919593,0.07819826860646868,0.7153348865196797,0.7167385943279901,0.7164588567113112,0.4738426373060331,0.7407180116600184,0.7358067537892167,0.7515645680484975,0.7320172982390641,0.029722851803252615,0.7323508771929824,1.0,0.0023587885935723012,0.09964147527599304,0.002130833155763904,0.11383885893464878,0.0022874112123279426,0.0036120608062428774,0.0992726709996905,0.09925923060557415,0.10305592282910296,0.09839651496894986,0.0027761783334704286,0.006440606490444517,0.002979991485738612,0.1090820823063709,0.716747591522158
0.0027280197206244862,0.0013655690388256105,0.7299469137087541,0.0035456408930583,0.7058869548210444,0.7074276073138194,0.0013044296818267396,0.001361393158999376,0.7492876921224768,0.0012023566189731875,0.0037040584985790466,0.0005690742300425667,0.0014067278287461773,0.6936800151831467,0.0013430071009570856,0.7057966569544548,0.7698595146871009,0.002763462543879304,0.0035456408930583,0.003318194457317638,0.0021335646140503033,0.0027280197206244862,0.0035753575357535755,0.0028693388122354273,0.0033624495162956703,0.0032168706996693773,0.003856680766359791,0.0016668783337566676,0.0026531408505657433,0.000952078705172961,0.001724710834032184,0.0013503007488031426,0.7287467043119018,0.0013564547206165703,0.003741937910155883,0.0013545670876807614,0.7648626574388514,0.0012017605792485992,0.0012016883721628888,0.0012023566189731875,0.0013423232993380958,0.0013563501849568433,0.001356287471294484,0.0034769171334749853,0.0020348508583517707,0.001627789124525868,0.0026307619405545844,0.0011666977786074296,0.7402083581852161,0.006362573099415205,0.0016589643322668564,1.0,0.003159277270952398,0.7626678031110165,0.005009368666590188,0.7492876921224768,0.7092387630140427,0.0018763540699473847,0.0018761000328801037,0.0023464124099145237,0.0017795903234776162,0.7255490663815086,0.716785830665721,0.7698595146871009,0.002763462543879304,0.0013564547206165703
0.08900575184880855,0.08747400763477235,0.008868533361090872,0.5537663201048919,0.02235478192841776,0.02265949933296712,0.47348107904574915,0.4743037041238868,0.006340543360487981,0.5051100156306361,0.007727432384966632,0.6227037854817783,0.09154434250764526,0.023894477130385273,0.08675517134918184,0.003373715687777948,0.0028309919114516816,0.5457278362835163,0.5537663201048919,0.5539345629808138,0.5192194275802255,0.08900575184880855,0.5246665291529153,0.537009157087444,0.559124636047713,0.5393083727995711,0.08445819855685494,0.08839217678435357,0.08304330862270777,0.08337035861631228,0.09099827528916597,0.23775522730062604,0.008885382715024186,0.0868747591522158,0.568680543803238,0.8228812008054183,0.00498645918411211,0.504919707371299,0.5048893695642378,0.5051100156306361,0.08658756730902752,0.08688347718865598,0.0868794599509887,0.08951451934839998,0.08724019314933544,0.08350865338841199,0.08882498080033988,0.08730010578059859,0.003996182750805201,0.08520857699805068,0.08315558715487617,0.00374878901478455,1.0,0.00464521627956531,0.5547397805055256,0.006340543360487981,0.003303007475227444,0.5672585886722377,0.5672784944780767,0.5491722378442802,0.817814440633979,0.008780949247347207,0.002913607698058234,0.0028309919114516816,0.5457278362835163,0.0868747591522158
0.002793755135579293,0.004205331926383415,0.7058394920370563,0.004007312884341933,0.6774496381771954,0.6811582829788904,0.0016271751701137677,0.0016308355550513358,0.7106625466511497,0.0017584465552482867,0.004789730817128078,0.0005235482916391614,0.0037920489296636084,0.6727272727272727,0.004167953071935782,0.6909024689464806,0.8318646232439336,0.004313242213757562,0.004007312884341933,0.0025210862915932895,0.00204683434518647,0.002793755135579293,0.002819031903190319,0.002090012221257904,0.0025547102470179395,0.0028773121258153875,0.008226548892759393,0.004651384302768606,0.0021693328131096373,0.005871152015233259,0.004525388059937657,0.0014321371578215147,0.7047478668853412,0.004177263969171484,0.00302739700268893,0.007944352919641223,0.864011520440184,0.0017575748471510763,0.0017574692442882249,0.0017584465552482867,0.004165830928980297,0.004176942046855734,0.004176748917281876,0.0037666602279312345,0.002212496568207878,0.003961977303091264,0.002679782349384794,0.0016178209196689689,0.7205057855183109,0.0031968810916179337,0.0014812181538096931,0.753801440545891,0.0038692272194810265,1.0,0.002963557798936943,0.7106625466511497,0.6937667806300825,0.007989012689569792,0.00798793106782972,0.0016760088642246596,0.0021874131059412363,0.7023731183680184,0.7277118595334394,0.8318646232439336,0.004313242213757562,0.004177263969171484
0.08634346754313886,0.08491356568697433,0.0016654522743832622,0.8395228158298093,0.0021513788382554275,0.002177666169661775,0.3513084640004303,0.35508253446026433,0.008066134275051165,0.4155043886016592,0.008366063160583708,0.8010516491771187,0.08876146788990825,0.013930537103814766,0.08428527323247915,0.0049838981751265145,0.013963388676032354,0.8207297034879378,0.8395228158298093,0.8468440077857077,0.7055333911535125,0.08634346754313886,0.7952248349834984,0.8473405480082892,0.8574434112895651,0.8479849879367348,0.0799794725055984,0.08797942595885191,0.08290284822473663,0.0805458584576325,0.08707416256586338,0.20442734972789395,0.0016815794390583154,0.08434682080924856,0.8683364359451684,0.5342668863261943,0.0028156299703391654,0.4153434781955565,0.4153185225241464,0.4155043886016592,0.084149784765402,0.0843403205918619,0.0843210085846832,0.09151052733243191,0.09324784806446924,0.07996130161703957,0.09624340266997827,0.09240246406570841,0.023221599268360572,0.09037037037037036,0.08819172887782913,0.005517880459963776,0.5149621951652409,0.0033027913914340508,1.0,0.008066134275051165,0.0039404299704467755,0.7658619622407923,0.7658162969266774,0.7915976088940204,0.5256464917972008,0.0017273998519371555,0.010619333320554352,0.013963388676032354,0.8207297034879378,0.08434682080924856
0.003599013968775678,0.001070730269079172,0.739502446133028,0.0020313567616479845,0.7194406415020536,0.7216903397943969,0.0011027137516473468,0.0010919507629474161,1.0,0.002209330287363232,0.003193153878085385,0.00043249641483235075,0.003180428134556575,0.7590244828240653,0.0010497066995986415,0.7032855390277565,0.7646871008939975,0.0011763387855702441,0.0020313567616479845,0.001909352117897859,0.0027753686036426713,0.003599013968775678,0.0018048679867986798,0.0011158539825359996,0.001183431952662722,0.0011616477526583862,0.0009486190594675293,0.001873253746507493,0.0006242684354272337,0.0006188511583624246,0.0017405338692067912,0.0010434142149842464,0.7383794556665075,0.0010635838150289017,0.0012222410259303134,0.0009884678747940692,0.7625628680737652,0.002208235064369301,0.0022081023838493082,0.002209330287363232,0.0010183142270840727,0.001063501849568434,0.0010634526763559022,0.0028652372674006824,0.0008559293293066972,0.0008292510634377064,0.0015032925374597625,0.002302283616451994,0.7299495009741938,0.0008265107212475633,0.00168858869534305,0.7864664504443789,0.005608604593376167,0.7546984871084594,0.007686130549500975,1.0,0.7009909022425682,0.0008124419684308263,0.0008123319729996325,0.001806365109219911,0.0007229585689127816,0.7359545940610348,0.697425674250992,0.7646871008939975,0.0011763387855702441,0.0010635838150289017
0.0033196384552177487,0.0018155861084385959,0.7287394608098262,0.003305571457590811,0.6931938196753373,0.696656988150357,0.002756784379118367,0.0028645981053945203,0.7281793009350295,0.0013225922808705061,0.004214963119072708,0.0006601261068493775,0.001253822629969419,0.6901309546403492,0.0017906761346094474,0.8753833767827021,0.7895061728395062,0.002502053924863694,0.003305571457590811,0.0027064602836222077,0.0030529054640069386,0.0033196384552177487,0.004812981298129813,0.0025859473246072373,0.0019723865877712033,0.002019479939236887,0.001695073401343618,0.002762255524511049,0.000983222785797893,0.0007775309425579181,0.002547508663111758,0.0031097835426981465,0.7277709730324483,0.0018034682080924856,0.002519696884225569,0.002196595277320154,0.77176202553411,0.001321936637173459,0.0013218572093791777,0.0013225922808705061,0.001789764399117461,0.0018033292231812578,0.0018032458425165298,0.002945721460305196,0.0027615833077631177,0.009889586756553386,0.0043137959770584485,0.007793541161097629,0.7431110580937612,0.003446393762183236,0.002769877947624126,0.7733035676677478,0.003035036029959888,0.7653313445557213,0.003900424457955719,0.7281793009350295,1.0,0.0017216032188177035,0.0017213701332611262,0.003649974859867037,0.008545741032533135,0.7251994735543308,0.8126281891544788,0.7895061728395062,0.002502053924863694,0.0018034682080924856
0.08216926869350863,0.08554979671642718,0.0011658165920682836,0.7556277815737474,0.001721103070604342,0.0017264380444165423,0.3603049944864312,0.3625418344772818,0.0008427304466471367,0.4218468197667428,0.00779129546252834,0.8797887596458082,0.07730886850152906,0.002011766938698045,0.08493362148811362,0.001782702039564484,0.0081311196253725,0.7885764433490179,0.7556277815737474,0.7641486699416072,0.718594969644406,0.08216926869350863,0.7129572332233224,0.737189819160807,0.7719733258194796,0.7367348762398356,0.08232769345608361,0.0868522987045974,0.07925087787748732,0.08167248492542051,0.08465323818414848,0.2101763574614346,0.0011625734393489588,0.08497880539499036,0.7815385193960249,0.5492769540545488,0.0013540815887890642,0.4216527212366116,0.4216273864780016,0.4218468197667428,0.08476694490302872,0.08497225647348952,0.0849529152474454,0.0783916038889962,0.08139403433407083,0.08134338672276908,0.08331835487507966,0.08169995644328293,0.0026840033400930456,0.07992202729044834,0.07601611565351345,0.0020428794069331535,0.5204820560150509,0.008800340933304921,0.7569882604871707,0.0008427304466471367,0.001719109153773348,1.0,0.9988008432779529,0.7713737685990428,0.5370840671053851,0.001151599901291437,0.0013034560754471047,0.0081311196253725,0.7885764433490179,0.08497880539499036
0.08215283483976993,0.08550324322646721,0.0011658165920682836,0.7556647153330501,0.001721103070604342,0.0017264380444165423,0.3603049944864312,0.3625560156560213,0.0008427304466471367,0.42186184922448,0.008014816233994316,0.8798570485534133,0.0772782874617737,0.002011766938698045,0.08488731089842544,0.001782702039564484,0.0081311196253725,0.7885577713048024,0.7556647153330501,0.7641672073408101,0.7187857762359063,0.08215283483976993,0.713008800880088,0.7372429550647372,0.7720860336244951,0.7368242337592709,0.08232769345608361,0.08680467360934722,0.07920405774483028,0.08165661694700095,0.08465323818414848,0.2101149801546708,0.0011625734393489588,0.0849325626204239,0.7816137342283899,0.5493684788577704,0.0013540815887890642,0.42166774324385226,0.42164240758265364,0.42186184922448,0.0847206578927067,0.08492601726263872,0.08490667817456037,0.0783916038889962,0.08139403433407083,0.08131267372041955,0.08331835487507966,0.08166884450252007,0.0026840033400930456,0.07992202729044834,0.07601611565351345,0.0020428794069331535,0.520570799758617,0.008800340933304921,0.7570456196703759,0.0008427304466471367,0.001719109153773348,0.9989360878984834,1.0,0.7712806569954748,0.5371211419037909,0.001151599901291437,0.0013034560754471047,0.0081311196253725,0.7885577713048024,0.0849325626204239
0.083746918652424,0.08894820148350455,0.002789632559591964,0.8096618714335838,0.003363974183453941,0.003433257474691988,0.35741373282052663,0.36040047648760565,0.0019463060315421967,0.4205242274858723,0.008334131621802854,0.8410234230953085,0.08876146788990825,0.007914215221104574,0.08837604198826798,0.0036804171139395796,0.013452532992762879,0.8321009784151169,0.8096618714335838,0.8119751598850681,0.7359236773633998,0.083746918652424,0.7617574257425742,0.7823022015976195,0.8224100685639147,0.7899026003038155,0.08899912913660114,0.08816992633985268,0.07876706984003122,0.08003808314820691,0.08957420212345132,0.2068824419984451,0.0027818721584421517,0.08835452793834296,0.8328914461931893,0.5453963023979499,0.0020848557795641147,0.4203307845994382,0.4203055292686224,0.4205242274858723,0.08814589665653495,0.08834771886559803,0.08832822156805327,0.08167535895950036,0.07935918347571906,0.08756276969855188,0.08826941616693083,0.08597784829817684,0.004692035468607102,0.08428849902534113,0.08197061263182842,0.0026536371677688387,0.5234105995527315,0.0019177498401875134,0.8127413865626554,0.0019463060315421967,0.0037859033049390586,0.8012612194367069,0.8010560315648996,1.0,0.5400315135786449,0.0028173069013736943,0.002951944641453737,0.013452532992762879,0.8321009784151169,0.08835452793834296
0.08468364831552999,0.09036032401229012,0.001311543666076819,0.5395283558937046,0.003989829845491883,0.004041434513065997,0.45645625453860844,0.4553009246128538,0.0007825354147437698,0.49860226043044364,0.010473544720120062,0.6180373767954292,0.08058103975535168,0.007667489087113304,0.0896727384995369,0.008894341358687318,0.01011068539804172,0.5504892075584435,0.5395283558937046,0.5426082120678469,0.5014223764093668,0.08468364831552999,0.5037816281628162,0.5181104872562391,0.54993894993895,0.5206505227414887,0.08520465289873103,0.08902717805435612,0.0795942255169723,0.08097429387496033,0.088862165540594,0.23660951757436885,0.0013078951192675788,0.08974181117533718,0.5507794137003817,0.79573494416987,0.009951425009672011,0.4984752662650783,0.49844531566851424,0.49860226043044364,0.08944193294555104,0.08975030826140568,0.08974615846986113,0.08119245380207327,0.08455935789150693,0.08297117584729495,0.08787725289628916,0.08726899383983573,0.0031810409956658315,0.08449122807017544,0.0786230596042185,0.002021818794490544,0.7830215469809378,0.0025143831238014064,0.5421589996558449,0.0007825354147437698,0.008904599099882173,0.5604495512225317,0.5604123551824846,0.5425054470288088,1.0,0.0012955498889528666,0.0010350974716785831,0.01011068539804172,0.5504892075584435,0.08974181117533718
0.0028430566967953983,0.001210390738959064,0.9977932757364422,0.001662019168621078,0.6868570310972032,0.6897316173585498,0.005096689169199322,0.004906687843893584,0.7180866005858983,0.001442827942767825,0.004438483890538685,0.00025039266121872934,0.0018195718654434251,0.7262099070032264,0.0011886384686631676,0.6769667228952615,0.7372073222647936,0.0015871237583090596,0.001662019168621078,0.0018722773194920753,0.0012142237640936687,0.0028430566967953983,0.001822057205720572,0.0018066207336297135,0.0018972480510942049,0.0018228933964793137,0.015053495894501119,0.0012223774447548896,0.0019040187280530629,0.0019358933671850206,0.001155081567746325,0.001186627930766398,0.9976748531213021,0.0012023121387283236,0.0019179782253060304,0.005820977484898408,0.7323646993079138,0.0014421126950983191,0.0014420260465954665,0.001442827942767825,0.0011880332649314182,0.0012022194821208385,0.0012021638950110197,0.0025272036572017258,0.0010174254291758853,0.004806584867703742,0.0012745306295854507,0.0014467052454732127,0.6907232891963895,0.0010916179337231969,0.0019996445076430856,0.7430605282001601,0.007578715700543112,0.7277860643511613,0.0016060571297464724,0.7180866005858983,0.6811728573912036,0.0010832559579077685,0.0010831092973328433,0.0025512579377642043,0.0011678561497821855,1.0,0.6763211869117676,0.7372073222647936,0.0015871237583090596,0.0012023121387283236
0.0038783894823336074,0.017379969585053227,0.7292807327990007,0.002825432586655833,0.6942303931155878,0.6975594444008475,0.0026357548210107313,0.0026944239605195984,0.7300453469240339,0.0010370325838643742,0.003767921576140754,0.0027770822426077257,0.00654434250764526,0.6955209717213893,0.0172892868169188,0.7135025302867658,0.7899318859088974,0.00690865635969826,0.002825432586655833,0.0038557790342015016,0.0046834345186470075,0.0038783894823336074,0.004194169416941694,0.007899537717635807,0.003155818540433925,0.006862657492628005,0.0062515551132122415,0.004349758699517399,0.0017323449083105735,0.0025230085687083467,0.004398803778540799,0.003682638405826752,0.7282276983121925,0.017263969171483623,0.003234237791692522,0.004686069924949661,0.8236469930791386,0.0010365184996019169,0.0010364562209904916,0.0010370325838643742,0.0172804838535479,0.01726263871763255,0.017261840543747978,0.003992015968063872,0.0035529141971221397,0.006680078011025968,0.0066504354646317754,0.0028622985501835603,0.7797129110501412,0.004475633528265108,0.004976892996800568,0.787540541678952,0.0026978098044087894,0.8089494992542084,0.010592329165232688,0.7300453469240339,0.8188754321917676,0.0013153822346022902,0.0013152041467613099,0.002867837389895529,0.001001019556956159,0.7255696306654602,1.0,0.7899318859088974,0.00690865635969826,0.017263969171483623
0.0031388660640920296,0.003770832686757084,0.7146455709378579,0.0037672434488744437,0.6841189125757872,0.6879267048575689,0.0014523546972916275,0.0014748425889159907,0.7208355070428187,0.001533004689190814,0.005109046204936616,0.0005690742300425667,0.00856269113149847,0.6825393812867717,0.0037357209015128124,0.7144034657261156,1.0,0.00397714541788035,0.0037672434488744437,0.0025396236907961815,0.002862098872506505,0.0031388660640920296,0.011791804180418041,0.011087691953452949,0.0018972480510942049,0.009847198641765705,0.0016017666086091068,0.004905384810769621,0.0006086617245415529,0.002411932719771501,0.004968433044826658,0.0015139735668398871,0.7137993315202724,0.003745664739884393,0.011564280476109889,0.007523338824821526,0.830116494003353,0.001532244738541964,0.0015321526745076834,0.001533004689190814,0.0037338188326415996,0.0037453760789149197,0.0037452029036881772,0.0028008499130770716,0.0018087563185349073,0.0016124326233510956,0.003333387800454256,0.0020378321199676437,0.731480376953358,0.002853801169590643,0.0020737054153335704,0.7617202308243124,0.0023605835788576904,0.8327509056040912,0.012542541394210547,0.7208355070428187,0.7164435687933399,0.007389353141442278,0.007388352706806181,0.011769306690999832,0.008805264621373621,0.7122234103808506,0.7113611531752574,1.0,0.00397714541788035,0.003745664739884393
0.08593262119967132,0.09380528226932745,0.0017070885812428438,0.8373991246699045,0.002249168785448856,0.002256140626226163,0.35822059654124416,0.359819048159283,0.001264095669970705,0.4197727545990141,0.008302200083022002,0.8370626664542122,0.08279816513761468,0.006547732017460619,0.09313059586292065,0.002606962122373869,0.004533844189016603,1.0,0.8373991246699045,0.8535360088979517,0.7469037294015611,0.08593262119967132,0.7911166116611661,0.8382897323721639,0.8652390344698037,0.8422124921812171,0.08918574272207017,0.0957740665481331,0.08747561451424113,0.09162170739447795,0.09329261538948401,0.21430909611686239,0.0017023396790466897,0.09317919075144508,0.8645944980350125,0.5550430166575142,0.002385762799295018,0.419609728251889,0.41958451624532467,0.4197727545990141,0.09294431672658263,0.09317200986436498,0.0931522895057257,0.08386452900650312,0.09258571405500557,0.08940554983952456,0.09369434141080736,0.088357911766536,0.011093880472384588,0.08930994152046784,0.08653276454556227,0.003116970641506255,0.5187426786411558,0.0049222245898146175,0.8404076325953118,0.001264095669970705,0.0025883216472542543,0.8169490869699784,0.8168191400885829,0.829885100281197,0.5465196032996571,0.0017479641358887884,0.007092334528168069,0.004533844189016603,1.0,0.09317919075144508
0.47666392769104354,0.9996586077402936,0.001498907046944936,0.1112998836586582,0.001779777038920399,0.0017852938868398336,0.06851617761760039,0.06948777582392648,0.001384485733777439,0.07804797402909704,0.0072803908420346775,0.11759349889599599,0.46154434250764526,0.00943252989182008,0.998857672121025,0.002376936052752645,0.005172413793103448,0.11287250728209725,0.1112998836586582,0.11793493372879785,0.0994275802254987,0.47666392769104354,0.10978754125412542,0.11487982429727767,0.11952662721893491,0.12091859529979448,0.7157253048021897,0.9660274320548641,0.45623097932110807,0.4582672167565852,0.962863336445197,0.10923114693727239,0.0014947372791629472,1.0,0.1196667982926233,0.10739520410031118,0.0022353092894295662,0.0780243056077153,0.07801961756267556,0.07804797402909704,0.9956953080400537,0.9996609124537608,0.9992602068338394,0.47521086858540984,0.7283797096300124,0.6981833259110244,0.7500776156473145,0.7470599215979092,0.010795657879040917,0.7345029239766082,0.6887516293399691,0.0018533338949496651,0.10003194774768379,0.005774557852120179,0.10462315016634163,0.001384485733777439,0.002259952483050356,0.10664268028474157,0.10657021836257084,0.10674314233039721,0.10792473815923626,0.0016040141482273587,0.02146868830148172,0.005172413793103448,0.11287250728209725,1.0
